ttc_c_m,sub,ttc_R_m,ttc_L_m,rev,sev,d_sl2vsp,lddt,d_factor,drive_recorder_id,ttc_c_inv,ttc_R_m_inv,ttc_L_m_inv,d_sl2vsp_t,d_sl2vsp_t_inv,lddt_inv,AVG_d_judgment_id__1,AVG_d_judgment_rescale,AVG_d_judgment_id_Bit,AVG_d_judgment_id_floor
0,1,0,39.162,1.155556,5.488889,24.079722,1.013746,一時停止,2137,0,0,0.0255349573566212,1.44478332,0.692145310758433,0.986440390393649,0,-1,0,0
0,1,0.078,0.078,13.582222,0.531667,79.555556,1.904228,左折,7582,0,12.8205128205128,12.8205128205128,1.04743444976777,0.954713681817242,0.525147198759812,0,-1,0,0
0,1,1.123,1.123,29.278333,10.916389,0,2.172083,信号停止,12325,0,0.890471950133571,0.890471950133571,0,0,0.460387563458671,0,-1,0,0
0,1,0.135,0.135,4.05,21.563889,78.643611,-1.405754,信号停止,12715,0,7.40740740740741,7.40740740740741,1.07702286149047,0.928485397808659,-1.405754,0,-1,0,0
0,1,1.491,1.491,2.800556,14.740417,66.428333,-0.965249,信号停止,14427,0,0.670690811535882,0.670690811535882,1.2690617639567,0.787983712378338,-0.965249,0.2,-0.6,0,1
0,1,0,0.115,3.562222,1.685,46.732222,1.022282,一時停止,16122,0,0,8.69565217391304,0.785672251436043,1.27279536495302,0.978203665916058,0.2,-0.6,0,1
0,1,0.151,0.151,7.677778,1.455556,57.701667,1.634396,踏切,16290,0,6.62251655629139,6.62251655629139,1.40118719190556,0.71368051733333,0.611846822924187,0.1667,-0.6666,0,1
0.5,1,0,56.577,0.122222,1.422222,19.556389,1.383734,左折,22126,2,0,0.0176750269544161,1.49127304384664,0.670568011757635,0.722682249623121,0,-1,0,0
0,1,3.707,3.707,5.786667,9.201667,17.505278,-0.250744,信号停止,26620,0,0.269759913676828,0.269759913676828,0.203051297847661,4.9248638674068,-0.250744,0,-1,0,0
0,1,0.341,0.341,2.530278,9.03875,44.500556,-0.57459,一時停止,34737,0,2.93255131964809,2.93255131964809,0.825868654500464,1.2108462944448,-0.57459,0.1429,-0.7142,0,1
0,1,22.976,0,3.176667,24.55125,63.991111,-2.044274,信号停止,35285,0,0.0435236768802228,0,1.14411720685374,0.874036326007148,-2.044274,0,-1,0,0
0,1,6.603,6.603,8.794444,15.927778,74.825,-0.736336,左折,37203,0,0.151446312282296,0.151446312282296,0.785220813292523,1.27352711883283,-0.736336,0.4,-0.2,0,1
3.5,1,20.442,20.442,9.927778,12.345833,51.823333,-0.224887,信号停止,37569,0.285714285714286,0.0489188924762743,0.0489188924762743,1.68363864994134,0.593951677240743,-0.224887,0,-1,0,0
0,1,0,23.62,0.938056,19.148472,72.509722,-1.482683,右折,37760,0,0,0.0423370025402202,1.10974831731996,0.9011052185373,-1.482683,0,-1,0,0
0,1,0.1,0.1,0.069444,4.375,59.575833,-0.258503,右折,69211,0,10,10,0.973240453782275,1.02749530818795,-0.258503,0,-1,0,0
0,1,15.755,15.755,7.698889,16.284306,15.884167,-0.723785,信号停止,74164,0,0.0634719136781974,0.0634719136781974,0.21340922261616,4.68583310384206,-0.723785,0,-1,0,0
0,1,0.13,0.13,7.047778,6.497917,54.83,0.51594,前方車の減速,76355,0,7.69230769230769,7.69230769230769,1.16632001890806,0.857397612823475,1.93820986936466,0,-1,0,0
6.111,1,8.741,8.741,0.255,14.104444,0,-1.025474,前方車の減速,81358,0.163639338897071,0.114403386340236,0.114403386340236,0,0,-1.025474,0,-1,0,0
0,1,0,0,4.095833,4.225694,34.509722,0.909115,右折,81421,0,0,0,0.883480295832741,1.13188715664273,1.09997085077245,0.4,-0.2,0,1
0.816,1,25.869,25.869,6.396389,25.958472,61.498333,-1.903801,一時停止,82998,1.22549019607843,0.0386563067764506,0.0386563067764506,1.81843120164271,0.549924571848873,-1.903801,0,-1,0,0
0,1,0,7.077,31.957222,6.521389,103.843056,2.68067,右折,88864,0,0,0.141302811925957,0.903790831419385,1.10645070212708,0.373041068091186,0,-1,0,0
0,1,3.363,3.363,19.631667,8.695139,112.338333,0.921596,信号停止,89380,0,0.297353553374963,0.297353553374963,1.00264782149498,0.997359170948947,1.08507415396768,0,-1,0,0
0,1,2.38,2.38,38.958333,3.402778,38.054444,4.778281,左折,106127,0,0.420168067226891,0.420168067226891,0.223400679027445,4.47626213292373,0.209280283013912,0.6,0.2,1,1
62,1,5.588,5.588,8.76,23.633333,56.385556,-1.693573,前方車の減速,111393,0.0161290322580645,0.178954903364352,0.178954903364352,0.985905102724756,1.01429640361561,-1.693573,0.2,-0.6,0,1
0,1,3.003,3.003,10.9625,4.405694,-4.224722,0.991334,右折,114629,0,0.333000333000333,0.333000333000333,-0.0675175317410992,-0.0675175317410992,1.008741756058,0.4,-0.2,0,1
4.833,1,2.061,2.061,10.993056,8.809028,93.291667,0.422378,左折,114895,0.206910821435961,0.485201358563804,0.485201358563804,0.883536781016521,1.13181479422904,2.36754755219259,0.8,0.6,1,1
0,1,0.08,0.08,21.631944,2.291667,47.355556,2.954751,左折,128954,0,12.5,12.5,0.643393597765785,1.55425854946731,0.338437993590661,1,1,1,1
0,1,6.153,6.153,6.073611,14.210417,61.583611,-0.717374,前方車の減速,132416,0,0.162522346822688,0.162522346822688,0.591328815747359,1.69110649332408,-0.717374,0.4,-0.2,0,1
0,1,5.713,5.713,2.533889,11.441944,27.4625,-0.820974,信号停止,132556,0,0.175039383861369,0.175039383861369,0.499974714271265,2.00010114803014,-0.820974,0,-1,0,0
0.985,1,18.22,18.22,12.318056,7.664722,90.351111,0.712456,信号停止,146084,1.01522842639594,0.0548847420417124,0.0548847420417124,1.00963496275143,0.990456983853678,1.40359545010499,0,-1,0,0
0,1,0,2.921,0.322222,6.727778,15.671944,-0.574456,一時停止,157886,0,0,0.342348510783978,0.165826054139847,6.03041545664873,-0.574456,0,-1,0,0
0,1,0,0,1.027778,1.344444,19.983333,0.396907,一時停止,164069,0,0,0,1.59194509404736,0.62816236799826,2.51948189374337,0,-1,0,0
0,1,0,0,14.3875,14.878889,31.593611,-0.046997,前方車の減速,166629,0,0,0,0.349895402694887,2.85799696794534,-0.046997,0,-1,0,0
0,1,0,8.657,0.3,7.411111,17.624444,0.784651,一時停止,168686,0,0,0.115513457317778,0.58391310877968,1.71258357615896,1.27445195379857,0,-1,0,0
0,1,7.519,7.519,21.363889,9.179167,0,0.974453,一時停止,170434,0,0.132996409096954,0.132996409096954,0,0,1.02621675955639,0,-1,0,0
0,1,0.486,0.486,23.680556,13.854167,76.626944,1.280543,信号停止,170831,0,2.05761316872428,2.05761316872428,1.04932480657309,0.952993766787829,0.780918719636904,0,-1,0,0
0,1,5.643,5.643,2.087222,7.456528,39.458056,-0.470008,右折,179043,0,0.177210703526493,0.177210703526493,0.612914228512254,1.63154965814276,-0.470008,0.75,0.5,1,1
0,1,6.534,6.534,0.277778,52.522222,64.827222,-3.607557,信号停止,196597,0,0.153045607591062,0.153045607591062,1.27780332457293,0.782593049156623,-3.607557,0,-1,0,0
4.167,1,7.997,7.997,8.176667,20.106806,68.991944,-1.141003,前方車の減速,196829,0.239980801535877,0.125046892584719,0.125046892584719,1.01520947639485,0.985018386107997,-1.141003,0,-1,0,0
0,1,17.43,17.43,9.9375,11.988194,17.734167,-0.194047,信号停止,202553,0,0.057372346528973,0.057372346528973,0.169858461129144,5.88725456095883,-0.194047,0,-1,0,0
0,1,5.533,5.533,8.238889,1.702083,45.093889,1.728058,右折,206318,0,0.180733779143322,0.180733779143322,0.903936747034913,1.10627209622819,0.578684280273,0.25,-0.5,0,1
0,1,5.364,5.364,8.097222,13.193056,17.006111,-0.421047,信号停止,207933,0,0.186428038777032,0.186428038777032,0.144986500260503,6.89719386427881,-0.421047,0,-1,0,0
0,1,3.421,3.421,8.516667,0.590972,55.336389,1.656845,一時停止,216790,0,0.292312189418299,0.292312189418299,1.04495908728493,0.956975265508481,0.603556759986601,0.5,0,1,1
0,1,53.493,53.493,1.711111,3.822222,23.0375,1.52921,一時停止,218372,0,0.0186940347335165,0.0186940347335165,1.4881571864346,0.671972026285645,0.653932422623446,0.3333,-0.3334,0,1
0,1,5.8,5.8,3.052222,5.140556,84.855,0.191671,前方車の減速,219636,0,0.172413793103448,0.172413793103448,1.01067990074442,0.989432954255298,5.21727334860255,0,-1,0,0
0,1,6.321,6.321,0,8.669444,8.733333,-0.393917,一時停止,231179,0,0.158202816010125,0.158202816010125,0.215195063655031,4.64694674224987,-0.393917,0,-1,0,0
4.476,1,7.39,7.39,14.409722,14.805556,87.675556,-0.042129,信号停止,231890,0.223413762287757,0.13531799729364,0.13531799729364,1.21420273744951,0.823585690558191,-0.042129,0,-1,0,0
51.5,1,0.061,0,7.083333,17.722222,118.651667,-0.786448,前方車の減速,236850,0.0194174757281553,16.3934426229508,0,0.98391265565614,1.01635037851315,-0.786448,0,-1,0,0
0,1,6.905,6.905,17.040278,8.424306,93.746944,0.767235,信号停止,250891,0,0.144822592324403,0.144822592324403,1.08678108585045,0.92014851290631,1.30338162362249,0.3333,-0.3334,0,1
2.923,1,6.733,6.733,13.929167,2.491944,-18.454167,1.976707,左折,256499,0.342114266164899,0.148522204069508,0.148522204069508,-0.279620359442737,-0.279620359442737,0.505891869659995,0,-1,0,0
0,1,5.842,5.842,27.252778,1.059722,6.658056,3.464531,左折,269232,0,0.171174255391989,0.171174255391989,0.0689993712936842,14.4928856778081,0.288639356957695,0,-1,0,0
0,1,0.319,0.319,16.431944,7.205,-4.039444,0.787857,右折,269290,0,3.13479623824451,3.13479623824451,-0.0349878459206506,-0.0349878459206506,1.26926586931385,0,-1,0,0
0,1,14.955,14.955,1.176389,17.140972,54.296667,-1.395008,信号停止,280288,0,0.0668672684720829,0.0668672684720829,1.38856291255239,0.720169025803698,-1.395008,0,-1,0,0
0,1,0,2.341,29.13,5.764444,131.647222,2.724317,信号停止,280872,0,0,0.427167876975651,0.929474983231678,1.07587618606271,0.36706447891343,0,-1,0,0
0.5,1,7.37,7.37,15.595833,3.599028,77.334167,1.825498,左折,283479,2,0.135685210312076,0.135685210312076,0.992630232110386,1.00742448461795,0.547795724783046,0.6667,0.3334,1,1
0,1,11.303,0,0.604722,32.735972,88.5375,-2.07213,停車,289591,0,0.0884720870565337,0,1.16505226990277,0.858330588106107,-2.07213,0.3333,-0.3334,0,1
0,1,67.849,67.849,3.818056,17.038889,39.958889,-1.338615,一時停止,321997,0,0.0147386107385518,0.0147386107385518,5.17453238848921,0.1932541773677,-1.338615,0.3333,-0.3334,0,1
0,1,30.136,30.136,0.6,4.655556,14.619444,0.899198,一時停止,327013,0,0.0331829041677728,0.0331829041677728,0.675003185840708,1.4814744892715,1.11210211766485,0,-1,0,0
0,1,4.279,4.279,34.963333,8.768333,8.416389,2.731649,信号停止,341180,0,0.233699462491236,0.233699462491236,0.0713018317880171,14.0248851245931,0.366079243709569,0,-1,0,0
0,1,7.199,7.199,10.183333,1.979861,21.400278,2.262151,一時停止,345300,0,0.138908181691902,0.138908181691902,0.482078723484137,2.07434999987695,0.442057139421727,0,-1,0,0
0,1,9.774,9.774,29.735,6.799167,114.306667,2.417196,信号停止,346393,0,0.10231225700839,0.10231225700839,1.02512082407454,0.975494767558532,0.413702488337727,0,-1,0,0
0,1,1.9,0,6.141667,8.318056,85.433056,-0.16439,停車,348437,0,0.526315789473684,0,1.01827241954708,0.982055470425874,-0.16439,0.3333,-0.3334,0,1
0,1,14.044,14.044,4.974167,2.239444,43.876389,2.59873,踏切,349004,0,0.0712047849615494,0.0712047849615494,2.03707764250709,0.490899305521448,0.384803346249899,0,-1,0,0
0,1,10.302,10.302,22.279167,9.898889,95.526111,1.304751,信号停止,353761,0,0.09706853038245,0.09706853038245,1.12482909626141,0.889023944458495,0.766429763226853,0,-1,0,0
9,1,0.058,0.058,13.720833,13.967778,0,-0.021514,前方車の減速,354679,0.111111111111111,17.2413793103448,17.2413793103448,0,0,-0.021514,0,-1,0,0
2,1,0.826,0.826,25.690278,4.310972,121.0625,1.808556,一時停止,355430,0.5,1.21065375302663,1.21065375302663,0.991773620972146,1.00829461366374,0.552927307752704,0.3333,-0.3334,0,1
3.684,1,20.742,20.742,0.6,20.166667,53.921667,-1.75945,右折,357955,0.271444082519001,0.0482113585960852,0.0482113585960852,1.16657452644231,0.857210557348352,-1.75945,0.3333,-0.3334,0,1
0,1,0.156,0.156,9.072222,7.420139,57.315278,1.173135,一時停止,362032,0,6.41025641025641,6.41025641025641,1.05176369048833,0.950783915668078,0.852416814774088,0,-1,0,0
0,1,4.286,4.286,3.818056,8.971528,45.255278,-0.518159,一時停止,371018,0,0.233317778814746,0.233317778814746,1.63147407170038,0.612942624921869,-0.518159,0,-1,0,0
3.684,1,17.843,17.843,4.255556,5.233333,61.786944,0.386025,右折,371225,0.271444082519001,0.0560443871546265,0.0560443871546265,1.10856216496387,0.902069393674999,2.59050579625672,0,-1,0,0
0,1,2.407,2.407,0,16.875556,-14.167222,-1.038589,左折,374208,0,0.415454923140839,0.415454923140839,-0.178141806496682,-0.178141806496682,-1.038589,0.3333,-0.3334,0,1
2.889,1,15.791,15.791,3.768611,21.681944,76.872778,-1.439111,信号停止,416804,0.346140533056421,0.0633272117028687,0.0633272117028687,1.13437449090015,0.881543095355116,-1.439111,0,-1,0,0
0,1,10.648,10.648,16.904444,1.820556,69.016111,2.186546,左折,418842,0,0.0939143501126972,0.0939143501126972,1.37710896574659,0.726158949562758,0.457342310657997,0,-1,0,0
0,1,0.1,0.1,20.217778,0.421667,-3.102222,2.541946,左折,421367,0,10,10,-0.0358511739591024,-0.0358511739591024,0.393399387713193,0,-1,0,0
0,1,14.283,14.283,17.994444,13.437778,17.905,0.589139,左折,427057,0,0.0700133025274802,0.0700133025274802,0.238990026324571,4.18427503180365,1.69739229621532,0,-1,0,0
0,1,3.573,3.573,0.277778,26.434722,143.363333,-1.866873,左折,428779,0,0.279876854184159,0.279876854184159,1.03293905493846,0.968111327787466,-1.866873,1,1,1,1
0,1,7.027,7.027,13.35,9.713889,90.075278,0.3388,右折,431148,0,0.142308239647076,0.142308239647076,1.0245205548008,0.976066312495249,2.95159386068477,0,-1,0,0
0,1,5.534,5.534,6.515556,6.622222,100.941111,0.316802,右折,431957,0,0.180701120346946,0.180701120346946,0.990832991411043,1.00925182010331,3.15654572887797,0,-1,0,0
0,1,5.073,5.073,0,39.935833,7.669444,-2.664017,左折,434930,0,0.19712201852947,0.19712201852947,0.140946441370157,7.09489356580332,-2.664017,0,-1,0,0
0,1,6.384,0,8.576667,24.4875,50.469167,-1.36278,信号停止,436302,0,0.156641604010025,0,0.614915223880597,1.62624043309453,-1.36278,0,-1,0,0
0,1,0,0.065,33.795278,5.410417,106.124167,3.500582,信号停止,439013,0,0,15.3846153846154,0.97860399897541,1.021863798888,0.285666783409159,0,-1,0,0
0,1,14.879,14.879,17.847222,8.993056,71.620556,1.214044,左折,440519,0,0.067208817796895,0.067208817796895,1.24060049848434,0.80606125922222,0.823693375198922,0,-1,0,0
2.97,1,2.189,2.189,18.847222,19.279167,0,-0.041105,前方車の減速,445074,0.336700336700337,0.456829602558246,0.456829602558246,0,0,-0.041105,0,-1,0,0
1.535,1,9.594,9.594,6.57,2.965,65.887222,0.767739,右折,445322,0.651465798045603,0.104231811548885,0.104231811548885,1.00459107704036,0.995429904619611,1.30252598864979,0,-1,0,0
0,1,28.901,28.901,0,36.64375,61.3675,-2.63156,左折,450577,0,0.0346008788623231,0.0346008788623231,1.25939459582716,0.794032309899829,-2.63156,0,-1,0,0
0,1,0.037,0,24.3375,3.987222,166.463611,2.30318,信号停止,450890,0,27.027027027027,0,0.987670374289246,1.01248354312503,0.434182304465999,1,1,1,1
0,1,18.789,18.789,0.277778,27.647361,0,-2.316566,前方車の減速,451510,0,0.0532226302623876,0.0532226302623876,0,0,-2.316566,0,-1,0,0
0,1,19.575,19.575,12.118056,5.708333,11.753889,1.102658,左折,458073,0,0.0510855683269476,0.0510855683269476,0.244420057763401,4.09131725583668,0.906899510092885,0,-1,0,0
2.538,1,3.171,3.171,18.283333,15.461667,41.345278,0.36232,左折,458556,0.394011032308905,0.315357931251971,0.315357931251971,0.530180953195127,1.88614848189758,2.75999116802826,0,-1,0,0
2.424,1,13.85,13.85,18.031944,8.622917,74.193611,0.846071,左折,459307,0.412541254125413,0.0722021660649819,0.0722021660649819,0.892465248596632,1.12049180802554,1.18193390389223,0,-1,0,0
0,1,0,11.655,26.927222,11.953056,92.474722,1.649692,左折,461352,0,0,0.0858000858000858,1.00719752881735,0.992853905404429,0.606173758495525,0,-1,0,0
0,1,3.453,3.453,27.712778,0,76.893056,3.629833,左折,461471,0,0.289603243556328,0.289603243556328,0.961897983181597,1.03961128673165,0.275494767941115,0,-1,0,0
0,1,0.138,0.138,0.138333,4.168889,57.096389,0.012404,前方車の減速,463554,0,7.2463768115942,7.2463768115942,1.09078221396731,0.916773290942172,80.6191551112544,0,-1,0,0
0,1,2.771,2.771,6.692222,1.934861,0,1.48972,前方車の減速,464063,0,0.360880548538434,0.360880548538434,0,0,0.671267083747281,0,-1,0,0
0.008,1,12.07,12.07,21.652778,10.204167,97.598056,1.078644,左折,468466,125,0.0828500414250207,0.0828500414250207,0.933605254822767,1.07111650757561,0.927089938849148,0,-1,0,0
0,1,0.216,0.216,16.616667,4.042778,-4.641667,1.757241,左折,469081,0,4.62962962962963,4.62962962962963,-0.0731931721419185,-0.0731931721419185,0.569073906197272,0,-1,0,0
11.375,1,10.204,10.204,13.636111,5.323333,-10.7575,0.847276,前方車の減速,469805,0.0879120879120879,0.098000784006272,0.098000784006272,-0.104481195704959,-0.104481195704959,1.18025295181263,0,-1,0,0
0,1,0.123,0.123,3.481111,35.26,0,-2.590905,前方車の減速,473046,0,8.13008130081301,8.13008130081301,0,0,-2.590905,0,-1,0,0
0,1,7.528,7.528,16.695833,12.426944,79.636667,0.50241,前方車の減速,475330,0,0.132837407013815,0.132837407013815,1.06335818849449,0.940416889454535,1.99040624191397,0,-1,0,0
0,1,6.609,6.609,7.46,2.797778,50.320278,0.955343,対向車とのすれ違い,475524,0,0.151308821304282,0.151308821304282,1.29626476422182,0.771447336686901,1.0467444676938,0,-1,0,0
1,1,0.076,0,45.136667,3.592222,107.5025,5.832163,右折,475936,1,13.1578947368421,0,1.18852957435047,0.841375781958559,0.171462971799656,0,-1,0,0
2.1,1,0.629,0.629,0,17.760972,53.864722,-1.203117,前方車の減速,476299,0.476190476190476,1.58982511923688,1.58982511923688,0.954296255905512,1.04789261595826,-1.203117,0,-1,0,0
0,1,8.01,8.01,15.505556,8.913889,63.614167,0.953417,左折,477629,0,0.124843945068664,0.124843945068664,0.990532012110727,1.00955848753348,1.04885899873822,0,-1,0,0
10.917,1,0.116,0.116,13.908333,5.133056,85.131111,1.14377,対向車とのすれ違い,479367,0.0916002564807182,8.62068965517241,8.62068965517241,0.916428442078823,1.09119267155393,0.87430165155582,0,-1,0,0
0,1,0,12.225,10.135556,17.451667,71.205833,-0.801126,左折,480290,0,0,0.081799591002045,1.05122410826328,0.951271943003758,-0.801126,0,-1,0,0
0,1,8.135,8.135,15.772222,8.87,65.978611,1.007955,右折,483053,0,0.122925629993854,0.122925629993854,0.917856865290981,1.08949449289457,0.992107782589501,0,-1,0,0
0,1,0.125,0.125,0,35.119028,59.831667,-2.580753,左折,483444,0,8,8,1.26323383496569,0.791619075044138,-2.580753,0,-1,0,0
0,1,0.118,0.118,29.402778,7.791667,91.145833,2.714901,左折,484003,0,8.47457627118644,8.47457627118644,0.74211240257831,1.34750476683278,0.368337556323417,1,1,1,1
0,2,0,0.767,0.277778,23.864444,10.176389,-1.865371,信号停止,485116,0,0,1.30378096479791,0.18303772370722,5.46335465578431,-1.865371,1,1,1,1
0,2,8.624,8.624,21.354167,0.006944,77.5225,3.336779,左折,488155,0,0.11595547309833,0.11595547309833,0.884763655961703,1.13024534095836,0.299690210229686,0,-1,0,0
0,2,19.752,19.752,0,33.032639,0,-2.427433,前方車の減速,490458,0,0.0506277845281491,0.0506277845281491,0,0,-2.427433,0,-1,0,0
0,2,10.749,10.749,14.0375,12.42375,89.795,0.147102,信号停止,490622,0,0.0930319099451112,0.0930319099451112,1.00673310495173,0.993311926548744,6.79800410599448,1,1,1,1
0,2,31.193,31.193,4.5,5.944444,16.023889,0.524823,対向車とのすれ違い,491078,0,0.0320584746577758,0.0320584746577758,0.66146084623323,1.51180528022879,1.90540429821102,0,-1,0,0
0,2,8.157,8.157,9.811111,14.123611,90.957778,-0.385585,信号停止,494232,0,0.122594090964815,0.122594090964815,0.946545646065792,1.05647308627575,-0.385585,1,1,1,1
0,2,16.648,0,36.982222,3.413333,96.681389,4.790516,右折,494410,0,0.0600672753483902,0,1.02398646778464,0.976575405496777,0.208745780204053,0,-1,0,0
0.007,2,0.074,0.074,39.662222,2.792778,28.375278,4.769939,左折,495004,142.857142857143,13.5135135135135,13.5135135135135,0.289248501529052,3.45723485070349,0.209646286881237,0,-1,0,0
0,2,10.787,10.787,20.069444,16.722222,79.860278,0.407783,信号停止,495173,0,0.0927041809585612,0.0927041809585612,1.07907142889314,0.926722711049582,2.45228467101375,1,1,1,1
0,2,20.651,20.651,1.117222,22.764028,-3.597222,-1.549909,左折,500860,0,0.0484238051426081,0.0484238051426081,-0.0645177321642088,-0.0645177321642088,-1.549909,0,-1,0,0
0,2,5.635,5.635,20.783333,4.042778,65.471667,2.506278,左折,501170,0,0.177462289263531,0.177462289263531,1.36115731808732,0.734668937022789,0.398998036131666,0,-1,0,0
0,2,8.685,8.685,12.790278,10.9925,64.368889,0.255969,信号停止,502156,0,0.115141047783535,0.115141047783535,0.938664075829384,1.06534384957304,3.90672307974794,1,1,1,1
0.652,2,6.807,6.807,13.56,16.446389,68.861944,-0.280489,前方車の減速,503335,1.53374233128834,0.146907595122668,0.146907595122668,0.962655321528425,1.03879340573559,-0.280489,0,-1,0,0
0,2,2.77,2.77,41.537222,4.521111,45.596389,4.082909,信号停止,503511,0,0.36101083032491,0.36101083032491,0.300278057989573,3.33024666102884,0.244923411224693,1,1,1,1
0,2,5.962,5.962,4.734444,24.842778,30.110278,-1.800414,信号停止,505960,0,0.167728950016773,0.167728950016773,0.531696673370285,1.88077159418972,-1.800414,0,-1,0,0
0,2,0,7.567,12.86,5.816667,69.232222,0.777689,信号停止,510723,0,0,0.132152768600502,1.2007322792311,0.832825116220209,1.28586105756929,0,-1,0,0
0,2,0.114,0.114,28.551111,4.598333,-3.517778,3.182694,左折,510941,0,8.7719298245614,8.7719298245614,-0.0430982875034032,-0.0430982875034032,0.314199228703733,0,-1,0,0
51.333,2,16.175,16.175,14.890278,18.299028,78.753333,-0.309269,信号停止,511191,0.0194806459782206,0.0618238021638331,0.0618238021638331,1.04721308610054,0.95491549262782,-0.309269,0,-1,0,0
0,2,7.857,7.857,3.905,12.571111,60.416944,-0.850906,信号停止,513204,0,0.127275041364388,0.127275041364388,0.583848276380426,1.71277374697329,-0.850906,0,-1,0,0
0,2,0.076,0.076,23.947222,10.236944,0,1.073959,前方車の減速,516651,0,13.1578947368421,13.1578947368421,0,0,0.931134242554883,0,-1,0,0
0,2,8.24,8.24,2.754722,29.995972,101.574444,-1.909396,前方車の減速,526464,0,0.121359223300971,0.121359223300971,1.10754785073904,0.902895526665262,-1.909396,0,-1,0,0
0,2,0.068,0.068,14.6,15.057778,81.765833,-0.043961,信号停止,526820,0,14.7058823529412,14.7058823529412,0.740464867557166,1.35050296619616,-0.043961,1,1,1,1
0,2,100.492,100.492,0,18.319583,41.139167,-1.26458,左折,528126,0,0.00995104087887593,0.00995104087887593,2.93559962735382,0.340645907800926,-1.26458,0,-1,0,0
5.273,2,0,3.843,3.94,4.586111,85.305278,-0.030692,前方車の減速,529226,0.18964536317087,0,0.260213374967473,1.02568050766507,0.974962468845649,-0.030692,0,-1,0,0
0,2,0.144,0.144,10.743333,15.367778,64.695556,-0.520195,対向車とのすれ違い,530793,0,6.94444444444444,6.94444444444444,1.07190722385862,0.932916560073393,-0.520195,0,-1,0,0
0,2,2.275,2.275,3.293333,10.863333,43.158889,-0.722357,対向車とのすれ違い,533061,0,0.43956043956044,0.43956043956044,1.43015464285714,0.699225083800878,-0.722357,0,-1,0,0
0,2,8.078,8.078,17.727778,7.525,30.135278,1.417107,左折,534131,0,0.123793018073781,0.123793018073781,0.528148584781656,1.89340656931498,0.705663016271884,0,-1,0,0
0,2,0.137,0.137,13.005556,8.219444,56.070278,0.685904,左折,538699,0,7.2992700729927,7.2992700729927,0.868035610217597,1.15202647014599,1.45792997270755,0,-1,0,0
0,2,0.245,0.245,3.77,4.087222,0,0.461565,左折,538815,0,4.08163265306122,4.08163265306122,0,0,2.16654209049646,0,-1,0,0
0.006,2,17.402,17.402,0,31.64375,70.433056,-2.304956,左折,539285,166.666666666667,0.0574646592345707,0.0574646592345707,1.10420677437617,0.905627481379072,-2.304956,0,-1,0,0
0,2,0.124,0.124,29.149444,1.854722,67.913333,3.251859,左折,539498,0,8.06451612903226,8.06451612903226,0.673984834734666,1.48371290934711,0.307516408306756,0,-1,0,0
10.217,2,37.487,37.487,0.545,35.063333,28.270278,-2.342962,左折,541321,0.0978760888714887,0.0266759143169632,0.0266759143169632,0.593117319191095,1.68600708096641,-2.342962,0,-1,0,0
0,2,0.076,0.076,34.204444,1.29,87.982222,4.698643,信号停止,542281,0,13.1578947368421,13.1578947368421,0.799434626956083,1.25088402013256,0.212827405699901,1,1,1,1
0,2,6.593,6.593,9.434722,6.281667,0,0.360514,前方車の減速,543134,0,0.151676020021235,0.151676020021235,0,0,2.77381738295878,0,-1,0,0
0,2,1.695,1.695,23.2,8.148889,12.741667,1.422302,信号停止,544083,0,0.589970501474926,0.589970501474926,0.108768854216068,9.19380834897384,0.703085561294296,1,1,1,1
0,2,0.098,0,21.883333,6.558333,-0.296389,2.307362,右折,548466,0,10.2040816326531,0,-0.0040277845305953,-0.0040277845305953,0.433395366656814,0,-1,0,0
0,2,0,46.518,0.277778,24.989167,35.307222,-1.97833,前方車の減速,550547,0,0,0.0214970549034782,1.47969731315483,0.6758138918749,-1.97833,0,-1,0,0
10,2,30.253,30.253,2.401667,13.252222,42.942222,-1.10359,前方車の減速,554581,0.1,0.0330545731001884,0.0330545731001884,1.45800244459115,0.68586990626097,-1.10359,0,-1,0,0
0,2,0,6.739,34.662222,2.653889,105.918889,4.18141,信号停止,555437,0,0,0.148389968838107,1.13444008211353,0.881492126174649,0.239153778270966,1,1,1,1
0,2,17.842,17.842,18.395833,17.116667,89.814167,0.130991,信号停止,556416,0,0.0560475283040018,0.0560475283040018,1.24693791438488,0.801964547283256,7.634112267255,1,1,1,1
0,2,5.843,5.843,24.427222,13.064167,86.196667,1.251859,前方車の減速,557871,0,0.171144959780934,0.171144959780934,1.01560516200825,0.984634617278441,0.798812006783511,0,-1,0,0
32.667,2,0,13.205,26.328889,4.459444,84.849167,2.808175,信号停止,557977,0.0306119325313007,0,0.0757288905717531,1.08610795477173,0.920718788225961,0.356103163086346,1,1,1,1
0,2,12.093,12.093,8.967778,9.801944,93.801667,0.042105,右折,559596,0,0.0826924667162822,0.0826924667162822,1.06003892893019,0.943361581078179,23.7501484384277,0,-1,0,0
0,2,11.225,11.225,8.615556,17.217778,21.793056,-0.982686,左折,559791,0,0.089086859688196,0.089086859688196,0.685795468531469,1.45816069934284,-0.982686,0,-1,0,0
0,2,8.045,8.045,0,8.783889,47.611944,-0.593047,右折,560566,0,0.124300807955252,0.124300807955252,0.998037722138116,1.00196613596697,-0.593047,0,-1,0,0
0,2,0.119,0.119,24.95,3.070556,29.988056,2.952133,左折,560821,0,8.40336134453782,8.40336134453782,0.486533875343639,2.05535534251074,0.338738125958417,0,-1,0,0
0,2,0.11,0,38.828889,4.469444,100.786944,4.41197,左折,561555,0,9.09090909090909,0,0.986978397258038,1.01319340198138,0.226656119601901,0,-1,0,0
0,2,0.154,0.154,24.536111,13.981944,47.456389,1.384405,左折,561587,0,6.49350649350649,6.49350649350649,0.97585537442166,1.02474201219894,0.722331976553104,0,-1,0,0
0,2,5.725,5.725,11.894444,3.626111,81.555278,1.240049,左折,562348,0,0.174672489082969,0.174672489082969,0.907654499026185,1.10174080674187,0.806419746316476,1,1,1,1
0,2,8.218,8.218,31.606667,3.765,86.641944,3.610715,左折,563772,0,0.121684108055488,0.121684108055488,0.995439453628646,1.00458144024203,0.276953456586853,0,-1,0,0
6.421,2,0.108,0.108,4.245833,6.523889,47.176667,-0.19535,前方車の減速,564786,0.155738981467061,9.25925925925926,9.25925925925926,0.833305535547814,1.20004003014645,-0.19535,0,-1,0,0
3.091,2,21.796,21.796,11.875556,11.162778,61.159444,0.138104,信号停止,564924,0.323519896473633,0.0458799779776106,0.0458799779776106,1.4422507428272,0.693360710662372,7.24091988646238,0,-1,0,0
0,3,1.88,1.88,11.158333,13.916111,59.600833,-0.275845,左折,706397,0,0.531914893617021,0.531914893617021,0.977285350945115,1.02324259647698,-0.275845,0,-1,0,0
0,3,9.805,9.805,7.244444,19.648889,71.463611,-1.306342,左折,706605,0,0.101988781234064,0.101988781234064,1.09336591415215,0.914606891486509,-1.306342,0,-1,0,0
18.077,3,2.94,0,3.805,11.327361,12.090556,-0.675451,信号停止,722706,0.0553189135365381,0.340136054421769,0,0.88055839773417,1.13564302216999,-0.675451,1,1,1,1
0,3,22.088,22.088,1.888889,27.583333,-19.261667,-2.253695,前方車の減速,723166,0,0.0452734516479536,0.0452734516479536,-1.08840058389578,-1.08840058389578,-2.253695,0,-1,0,0
65.333,3,0.974,0.974,18.779167,4.599444,72.772222,1.900479,前方車の減速,723830,0.0153062005418395,1.02669404517454,1.02669404517454,0.977391431129682,1.02313153988284,0.52618313593573,0,-1,0,0
3.478,3,0.062,0.062,9.273611,18.47,95.367222,-0.846229,前方車の減速,723920,0.287521564117309,16.1290322580645,16.1290322580645,1.00032632848693,0.99967377796861,-0.846229,0,-1,0,0
55.333,3,87.046,87.046,3.315278,6.079861,34.778333,-0.191239,信号停止,730566,0.0180723980264941,0.0114881786641546,0.0114881786641546,11.8003768897267,0.0847430560349808,-0.191239,1,1,1,1
2.619,3,4.122,4.122,12.588889,15.762222,82.545833,-0.326998,前方車の減速,730695,0.381825124093165,0.242600679281902,0.242600679281902,0.902852885702133,1.10760015926882,-0.326998,1,1,1,1
3.66,3,4.616,4.616,7.884722,14.546944,0,-0.56192,右折,738523,0.273224043715847,0.216637781629116,0.216637781629116,0,0,-0.56192,0,-1,0,0
0,3,8.787,8.787,16.2,4.028889,77.583333,1.571499,左折,741426,0,0.113804483896666,0.113804483896666,1.0638378867982,0.939992843279597,0.636335116980666,0,-1,0,0
6.267,3,11.082,11.082,1.942222,13.613333,45.365556,-1.051954,左折,746198,0.15956598053295,0.0902364194188775,0.0902364194188775,1.66191107764323,0.601716911002308,-1.051954,0,-1,0,0
0.833,3,5.828,5.828,5.807222,14.108889,50.271944,-0.852835,前方車の減速,753237,1.20048019207683,0.171585449553878,0.171585449553878,1.42279086792453,0.702843982586656,-0.852835,1,1,1,1
0,3,45.149,45.149,0,20.23,-3.674167,-1.51041,左折,758202,0,0.0221488848036501,0.0221488848036501,-0.117793224686081,-0.117793224686081,-1.51041,0,-1,0,0
0,3,2.481,2.481,12.866667,3.473333,79.364722,1.045769,左折,770106,0,0.403063280935107,0.403063280935107,1.06716841295335,0.937059219390253,0.956234120537136,0,-1,0,0
2.275,3,0.266,0.266,6.566667,12.622222,-1.593611,-0.563003,前方車の減速,775990,0.43956043956044,3.7593984962406,3.7593984962406,-0.0178750571740146,-0.0178750571740146,-0.563003,0,-1,0,0
0,5,16.11,16.11,10.984444,5.757778,0,0.695575,信号停止,779953,0,0.0620732464307883,0.0620732464307883,0,0,1.43765949034971,1,1,1,1
0,5,0.152,0.152,0,14.452778,6.701667,-0.957253,前方車の減速,782548,0,6.57894736842105,6.57894736842105,0.138440358065071,7.22332717118492,-0.957253,0,-1,0,0
0,5,0.119,0.119,7.226944,0.225556,-4.595556,1.050771,一時停止,785409,0,8.40336134453782,8.40336134453782,-0.0894560484481454,-0.0894560484481454,0.951682145776768,0,-1,0,0
0,5,0.139,0.139,5.496667,11.919167,56.271667,-0.406185,一時停止,785481,0,7.19424460431655,7.19424460431655,1.25210458742815,0.798655328029764,-0.406185,0,-1,0,0
0,5,0.069,0.069,9.187778,14.775833,62.9375,-0.11854,対向車とのすれ違い,816456,0,14.4927536231884,14.4927536231884,0.735848137442759,1.35897605649343,-0.11854,0,-1,0,0
0,5,0.201,0,10.454444,6.278472,-11.614167,0.706645,前方車の減速,843895,0,4.97512437810945,0,-0.173540037355248,-0.173540037355248,1.4151377282794,0,-1,0,0
0,5,0.546,0.546,0,14.3125,35.785833,-0.536879,一時停止,855553,0,1.83150183150183,1.83150183150183,1.77597186104218,0.563071984379964,-0.536879,1,1,1,1
0,5,53.341,53.341,3.526667,17.028889,55.585556,-1.507727,信号停止,857172,0,0.0187473050748955,0.0187473050748955,1.01218007890744,0.987966490191565,-1.507727,1,1,1,1
0,5,0.129,0.129,0.277778,18.633194,7.757778,-1.818219,信号停止,862941,0,7.75193798449612,7.75193798449612,0.169878350364963,5.88656528540346,-1.818219,1,1,1,1
0,5,0.118,0.118,4.7025,17.063333,9.173056,-1.236982,信号停止,888206,0,8.47457627118644,8.47457627118644,0.0932431714479331,10.7246459389082,-1.236982,1,1,1,1
0,6,8.978,8.978,5.170556,38.099444,76.186111,-2.409774,信号停止,1015096,0,0.111383381599465,0.111383381599465,1.37914215115402,0.725088417581345,-2.409774,0,-1,0,0
0,6,0.067,0.067,26.625,7.520833,62.750556,1.726714,信号停止,1168202,0,14.9253731343284,14.9253731343284,0.687426211429615,1.45470158596417,0.579134703257169,1,1,1,1
0,6,64.197,64.197,0.277778,61.749444,36.6925,-4.108964,前方車の減速,1219558,0,0.0155770518871598,0.0155770518871598,7.10559440559441,0.140734179706722,-4.108964,0,-1,0,0
0,6,7.539,7.539,9.148333,33.092222,47.903611,-2.533596,信号停止,1342787,0,0.132643586682584,0.132643586682584,1.05026187332521,0.952143484780534,-2.533596,1,1,1,1
0,6,50.003,50.003,6.896667,24.616667,44.881667,-2.186047,信号停止,1368187,0,0.0199988000719957,0.0199988000719957,2.51869058768511,0.397031697696176,-2.186047,1,1,1,1
0,6,10.035,10.035,15.103333,11.541528,27.130278,0.297113,信号停止,1441929,0,0.0996512207274539,0.0996512207274539,0.334838358531317,2.98651565605041,3.36572280580116,1,1,1,1
0,6,0,22.644,5.087222,30.107361,49.302778,-2.263999,信号停止,1442538,0,0,0.0441618088676912,3.24657034571063,0.308017351701989,-2.263999,1,1,1,1
0,6,0.08,0.08,11.808889,33.952222,0,-1.921053,前方車の減速,1644142,0,12.5,12.5,0,0,-1.921053,0,-1,0,0
0,6,0,0,9.825556,10.942361,80.431389,-0.09316,信号停止,1646036,0,0,0,1.10373179995426,0.906017204579449,-0.09316,0,-1,0,0
0,6,0.064,0.064,23.298611,7.100694,117.476111,1.517567,信号停止,1690496,0,15.625,15.625,1.00605181054785,0.993984593552339,0.658949489544778,1,1,1,1
0,6,0.091,0.091,13.694444,24.975694,80.849444,-1.056929,信号停止,1897537,0,10.989010989011,10.989010989011,1.20162661382215,0.832205269504801,-1.056929,0,-1,0,0
0,6,16.628,16.628,9.628889,10.139444,69.500833,-0.055979,前方車の減速,1945566,0,0.0601395236949723,0.0601395236949723,1.16205935070364,0.86054124463995,-0.055979,0,-1,0,0
0,6,0.063,0.063,8.19,25.78625,75.608611,-1.639869,前方車の減速,2214078,0,15.8730158730159,15.8730158730159,0.789737711367725,1.26624319138582,-1.639869,0,-1,0,0
0,6,12.245,12.245,1.572778,26.7925,74.945,-2.190585,信号停止,2228344,0,0.0816659861167824,0.0816659861167824,0.992904721598646,1.0071459811269,-2.190585,1,1,1,1
0,6,11.799,11.799,6.713056,28.294583,61.563889,-2.181728,信号停止,2242665,0,0.0847529451648445,0.0847529451648445,1.28847160281379,0.776113340655844,-2.181728,1,1,1,1
0,6,12.872,12.872,7.16,9.907778,71.343056,-0.278209,信号停止,2351566,0,0.0776880049720323,0.0776880049720323,0.993559000386847,1.00648275503583,-0.278209,1,1,1,1
0,6,0.152,0.152,5.303056,23.935139,71.704444,-1.751181,信号停止,2398303,0,6.57894736842105,6.57894736842105,1.12806886509636,0.886470703111357,-1.751181,0,-1,0,0
0,6,0.086,0.086,13.901389,16.936944,24.709444,-0.295423,信号停止,2514136,0,11.6279069767442,11.6279069767442,0.330364697318577,3.02695780789096,-0.295423,1,1,1,1
0,6,0.364,0.364,6.174722,27.928333,41.604444,-2.873134,信号停止,2672975,0,2.74725274725275,2.74725274725275,2.0979968959238,0.476645128476072,-2.873134,1,1,1,1
0,5,0.412,0.412,8.896667,5.968333,52.857222,0.488123,信号停止,2783923,0,2.42718446601942,2.42718446601942,1.39659448954128,0.716027456422553,2.04866396379601,0,-1,0,0
0.756,5,48.523,48.523,0.277778,13.968611,42.367778,-1.210624,右折,2927405,1.32275132275132,0.0206087834635121,0.0206087834635121,1.95669019627967,0.511067108069198,-1.210624,0,-1,0,0
0,5,68.4,68.4,3.082778,6.083889,39.551111,-0.217917,対向車とのすれ違い,3197917,0,0.0146198830409357,0.0146198830409357,1.92099297895305,0.520564109789201,-0.217917,0,-1,0,0
0,5,0.1,0.1,1.276667,12.742222,59.488056,-1.139492,信号停止,3322846,0,10,10,0.955588780509571,1.04647524164813,-1.139492,0,-1,0,0
0,5,0,12.527,6.434444,10.729722,41.244722,-0.445662,前方車の減速,3348051,0,0,0.079827572443522,1.06103329426897,0.942477493780227,-0.445662,0,-1,0,0
13.375,5,0.531,0.531,0.277778,13.063889,42.545833,-0.493552,右折,3400243,0.0747663551401869,1.88323917137476,1.88323917137476,0.952577889172212,1.0497829220758,-0.493552,0,-1,0,0
7.45,5,41.932,41.932,0.277778,14.175,-5.155833,-0.580496,一時停止,3431529,0.134228187919463,0.0238481350758371,0.0238481350758371,-0.150730865681338,-0.150730865681338,-0.580496,1,1,1,1
0,5,1.128,1.128,2.058889,17.941111,61.537778,-1.669569,前方車の減速,3472205,0,0.886524822695036,0.886524822695036,1.01107206791109,0.989049180308215,-1.669569,1,1,1,1
8.6,5,0,39.092,0.503889,13.010278,53.187778,-0.996136,前方車の減速,3571556,0.116279069767442,0,0.0255806814693543,1.58861694847756,0.629478365416122,-0.996136,0,-1,0,0
0,5,12.872,0,20.861111,15.588889,39.887778,0.76594,前方車の減速,3638744,0,0.0776880049720323,0,0.516290945960522,1.93689238175497,1.30558529388725,0,-1,0,0
12.778,5,50.842,50.842,3.111389,16.87,67.865833,-1.0879,一時停止,3643785,0.0782595085302864,0.0196687777821486,0.0196687777821486,1.09470830181916,0.913485353439108,-1.0879,0,-1,0,0
0,5,70.801,0,0.277778,26.062222,51.035,-1.982884,左折,3646264,0,0.0141240942924535,0,1.4021674425704,0.713181585622068,-1.982884,0,-1,0,0
0,5,0.919,0.919,3.403889,5.171944,41.482778,0.453306,一時停止,3714596,0,1.08813928182807,1.08813928182807,1.89371038295714,0.528063852318559,2.20601536269099,0,-1,0,0
0,5,39.874,39.874,9.822222,4.116667,15.912222,1.416697,一時停止,3728836,0,0.0250789988463661,0.0250789988463661,0.29032486544017,3.44441733739847,0.70586723907794,0,-1,0,0
0,5,0.272,0.272,2.053889,14.225556,27.098333,-1.232641,一時停止,3755807,0,3.67647058823529,3.67647058823529,0.818818187006883,1.22127233599367,-1.232641,0,-1,0,0
13.053,5,0.216,0.216,5.318056,6.348611,54.081111,0.808375,信号停止,3784932,0.0766107408258638,4.62962962962963,4.62962962962963,1.25107312427709,0.799313789573919,1.23704963661667,1,1,1,1
1.812,5,21.646,21.646,5.224444,5.165556,56.446944,0.115548,左折,3950714,0.551876379690949,0.0461979118543842,0.0461979118543842,0.9335645628704,1.07116319510386,8.65441201924741,0,-1,0,0
1.375,5,12.757,12.757,7.676667,12.414861,14.378889,-0.454359,前方車の減速,4025116,0.727272727272727,0.0783883358156306,0.0783883358156306,0.242749954980304,4.11946523360277,-0.454359,1,1,1,1
0,5,2.166,2.166,12.676667,7.042361,8.684444,0.630528,信号停止,4062145,0,0.461680517082179,0.461680517082179,0.170255396177095,5.87352895975071,1.58597239139261,0,-1,0,0
0,5,0.147,0.147,0.277778,19.999444,43.865833,-1.776658,歩行者の横断,4080106,0,6.80272108843537,6.80272108843537,0.908247534364755,1.10102143101266,-1.776658,0,-1,0,0
0,5,1.228,1.228,0.277778,12.807778,40.935556,-1.379776,信号停止,4149132,0,0.814332247557003,0.814332247557003,1.31566825819123,0.760070020519298,-1.379776,1,1,1,1
0,5,24.207,24.207,0.908333,5.026389,7.211111,0.005579,一時停止,4184324,0,0.0413103647705209,0.0413103647705209,0.327116930443548,3.05701083292775,179.243592041585,1,1,1,1
0,5,10.279,10.279,0,7.368056,-7.773333,0.071729,左折,4270498,0,0.0972857281836755,0.0972857281836755,-0.569938875763747,-0.569938875763747,13.9413626287833,0,-1,0,0
0,5,19.465,19.465,0,9.591667,34.975833,-0.732108,前方車の減速,4630085,0,0.051374261494991,0.051374261494991,2.80367398797595,0.356674850317361,-0.732108,0,-1,0,0
0,5,0.317,0.317,0,17.686111,34.988056,-1.395425,一時停止,4673772,0,3.15457413249211,3.15457413249211,1.87883355608592,0.532245124513983,-1.395425,0,-1,0,0
0,5,2.726,2.726,0,5.145833,39.418889,0.506448,一時停止,4765403,0,0.366837857666911,0.366837857666911,2.76139327495622,0.362136030774485,1.97453637885824,0,-1,0,0
0,5,0,7.173,2.519167,11.369722,44.037778,-0.089502,一時停止,4786060,0,0,0.13941168269901,2.01853833460657,0.495407980544946,-0.089502,0,-1,0,0
